Unnamed: 0,corporation,lastmonth_activity,lastyear_activity,number_of_employees,exited
8,lmno,81,1401,10,0
16,xcvb,189,961,18,1
3,acme,101,10983,2,1
13,endi,75,800,81,1
15,wosl,0,18,21,1
17,dfgh,16,1028,33,0
2,xyzz,182,3891,35,0
9,qqqq,52,650,11,1
18,ngrd,9,45,1,1
4,qwer,0,118,42,1
12,dosk,99,390,99,1
7,hjkl,94,868,3,1
10,corp,1090,2452,9,0
14,gudj,255,1687,2,0
6,zxcv,19,455,8,1
